type,entry_time,entry_price,close_time,close_price,support,resistance
short,2020-01-19 06:45:00,9111.58,2020-01-19 18:45:00,8589.41,9047.49,
short,2020-02-15 02:45:00,10369.87,2020-02-15 23:30:00,9841.01,10360.23,
short,2020-02-20 00:15:00,10195.22,2020-02-20 03:15:00,9450.0,10150.85,
short,2020-02-26 00:15:00,9382.3,2020-02-26 21:45:00,8829.94,9359.17,
short,2020-03-08 00:15:00,8887.0,2020-03-08 21:00:00,8374.56,8870.54,
short,2020-03-09 00:15:00,8293.22,2020-03-09 09:45:00,7852.92,8290.09,
short,2020-03-12 00:15:00,7759.5,2020-03-12 15:40:00,7301.69,7720.0,
short,2020-03-12 16:00:00,7076.1,2020-03-12 16:05:00,6776.96,7180.0,
short,2020-03-12 16:45:00,6383.51,2020-03-12 17:10:00,5750.17,6147.79,
short,2020-03-12 17:55:00,6093.59,2020-03-12 19:10:00,5799.79,6159.77,
short,2020-03-13 00:15:00,6062.86,2020-03-13 02:20:00,5685.32,6015.13,
short,2020-03-13 02:40:00,5694.69,2020-03-13 04:50:00,5162.66,5677.11,
short,2020-03-13 05:10:00,4760.46,2020-03-13 07:15:00,4503.21,4750.0,
short,2020-03-13 08:55:00,5369.23,2020-03-13 10:25:00,4774.48,5028.03,
short,2020-03-13 13:30:00,5549.13,2020-03-13 21:10:00,4927.0,5209.99,
short,2020-03-13 22:15:00,5265.96,2020-03-13 23:35:00,4994.09,5310.0,
short,2020-03-14 03:15:00,5524.98,2020-03-14 15:15:00,5237.54,5531.11,
short,2020-03-15 00:15:00,5460.0,2020-03-15 04:35:00,5142.57,5440.4,
short,2020-03-16 00:15:00,5323.79,2020-03-16 11:30:00,5024.27,5300.0,
short,2020-03-16 11:50:00,5017.43,2020-03-16 15:30:00,4589.46,4959.0,
short,2020-03-17 13:20:00,5345.48,2020-03-17 19:25:00,5090.11,5358.25,
short,2020-03-18 00:15:00,5356.96,2020-03-18 15:35:00,5035.82,5367.0,
short,2020-03-20 14:45:00,6662.83,2020-03-20 23:55:00,6273.0,6640.41,
short,2020-03-21 00:15:00,6244.0,2020-03-21 02:00:00,5793.24,6162.7,
short,2020-03-21 07:25:00,6285.0,2020-03-21 16:45:00,5925.02,6238.08,
short,2020-03-22 02:20:00,6349.66,2020-03-22 17:45:00,5957.15,6292.7,
short,2020-03-25 15:00:00,6864.43,2020-03-25 17:05:00,6484.01,6841.67,
short,2020-03-28 00:15:00,6655.04,2020-03-28 05:30:00,6232.71,6635.53,
short,2020-04-03 17:25:00,7004.42,2020-04-03 21:50:00,6622.25,6971.48,
short,2020-04-10 00:15:00,7265.93,2020-04-10 12:30:00,6881.82,7245.5,
short,2020-04-13 00:15:00,7089.5,2020-04-13 05:55:00,6691.83,7063.3,
short,2020-04-30 08:35:00,8948.0,2020-04-30 23:15:00,8451.48,8903.17,
short,2020-05-10 00:15:00,9747.53,2020-05-10 05:45:00,8628.15,9736.58,
short,2020-05-10 07:00:00,8692.58,2020-05-10 22:25:00,8270.0,8710.0,
short,2020-05-11 04:25:00,8777.99,2020-05-11 23:45:00,8300.0,8742.94,
short,2020-05-21 00:15:00,9534.14,2020-05-21 20:10:00,9025.21,9512.41,
short,2020-06-02 04:50:00,10049.47,2020-06-02 20:55:00,9380.53,9907.12,
short,2020-06-11 00:15:00,9962.02,2020-06-11 22:25:00,9117.01,9831.0,
short,2020-08-02 00:20:00,11651.02,2020-08-02 17:05:00,11001.52,11588.44,
short,2020-08-25 00:15:00,11728.99,2020-08-25 23:35:00,11130.0,11720.35,
short,2020-09-02 00:15:00,11979.16,2020-09-02 16:50:00,11321.54,11966.02,
short,2020-09-03 00:15:00,11372.46,2020-09-03 18:10:00,10762.67,11360.05,
short,2020-09-04 00:15:00,10680.27,2020-09-04 05:00:00,10075.15,10688.24,
short,2020-09-05 01:25:00,10570.13,2020-09-05 18:10:00,9977.93,10504.72,
short,2020-09-21 05:20:00,10918.59,2020-09-21 20:10:00,10371.22,10920.43,
short,2020-10-28 01:55:00,13673.73,2020-10-28 19:40:00,12972.84,13661.79,
short,2020-11-09 17:35:00,15678.73,2020-11-09 21:40:00,14852.0,15659.0,
short,2020-11-22 00:15:00,18762.21,2020-11-22 17:15:00,17788.19,18729.76,
short,2020-11-26 00:15:00,19103.31,2020-11-26 09:00:00,17547.33,19040.94,
short,2020-11-26 09:20:00,17995.4,2020-11-26 22:30:00,16511.99,17464.52,
short,2020-12-01 00:15:00,19317.04,2020-12-01 18:40:00,18181.46,19150.37,
short,2020-12-09 00:15:00,18850.01,2020-12-09 13:45:00,17890.01,18840.51,
short,2020-12-21 00:15:00,23856.04,2020-12-21 16:25:00,22445.99,23760.07,
short,2020-12-27 16:45:00,28297.05,2020-12-27 23:30:00,26639.84,28064.4,
short,2021-01-03 00:15:00,32810.0,2021-01-03 02:25:00,30667.22,32616.48,
short,2021-01-03 13:05:00,34536.07,2021-01-03 22:35:00,32598.03,34360.0,
short,2021-01-04 00:15:00,32729.98,2021-01-04 15:40:00,29800.0,32267.0,
short,2021-01-05 05:20:00,31920.48,2021-01-05 11:40:00,30045.22,31809.45,
short,2021-01-08 01:15:00,39099.99,2021-01-08 08:10:00,36630.97,38680.0,
short,2021-01-10 00:15:00,40595.28,2021-01-10 22:50:00,38389.07,40629.42,
short,2021-01-11 00:15:00,37872.69,2021-01-11 01:55:00,35932.8,38025.0,
short,2021-01-11 02:15:00,37257.99,2021-01-11 09:05:00,34357.93,36300.0,
short,2021-01-11 09:25:00,35438.23,2021-01-11 19:30:00,32374.74,34151.69,
short,2021-01-11 20:00:00,33117.71,2021-01-11 22:00:00,30659.24,32295.0,
short,2021-01-12 04:45:00,35258.8,2021-01-12 20:00:00,32876.76,34620.0,
short,2021-01-13 00:15:00,34936.04,2021-01-13 05:55:00,33081.26,34947.36,
short,2021-01-15 00:15:00,39429.24,2021-01-15 18:45:00,37274.24,39270.46,
short,2021-01-15 19:05:00,37723.84,2021-01-15 21:30:00,34779.1,37401.0,
short,2021-01-17 00:15:00,36937.03,2021-01-17 13:00:00,34757.55,36813.01,
short,2021-01-20 00:15:00,36732.3,2021-01-20 15:05:00,34890.82,36770.35,
short,2021-01-21 00:15:00,34963.83,2021-01-21 14:40:00,32926.56,34823.0,
short,2021-01-21 15:00:00,32679.73,2021-01-21 22:25:00,31083.5,32739.54,
short,2021-01-22 00:15:00,31724.34,2021-01-22 05:50:00,30077.48,31742.45,
short,2021-01-23 00:55:00,33586.53,2021-01-23 18:30:00,31476.53,33158.1,
short,2021-01-26 00:15:00,33750.88,2021-01-26 08:50:00,32010.59,33703.99,
short,2021-01-27 00:15:00,32059.61,2021-01-27 17:40:00,30407.0,32033.31,
short,2021-01-29 05:45:00,33943.99,2021-01-29 13:00:00,31925.28,33699.99,
short,2021-01-29 15:10:00,36205.28,2021-01-29 23:55:00,35003.72,36885.51,
short,2021-01-30 00:15:00,34866.39,2021-01-30 09:00:00,33124.51,34888.0,
short,2021-01-31 00:15:00,34228.55,2021-01-31 23:20:00,32355.95,34132.77,
short,2021-02-04 13:55:00,38664.52,2021-02-04 20:50:00,36306.72,38292.96,
short,2021-02-07 00:15:00,40300.0,2021-02-07 10:00:00,38182.19,40341.17,
short,2021-02-07 15:25:00,39513.92,2021-02-07 21:40:00,37559.99,39538.49,
short,2021-02-09 12:35:00,47589.14,2021-02-09 18:15:00,45234.61,47752.02,
short,2021-02-10 00:15:00,47074.06,2021-02-10 18:05:00,44774.99,47190.02,
short,2021-02-15 00:35:00,48844.52,2021-02-15 07:50:00,46170.84,48620.5,
short,2021-02-22 00:15:00,58019.37,2021-02-22 15:30:00,54545.17,57616.0,
short,2021-02-22 15:50:00,54510.48,2021-02-22 19:40:00,50517.37,53505.7,
short,2021-02-23 00:15:00,53183.55,2021-02-23 10:30:00,50101.34,52753.56,
short,2021-02-23 10:50:00,49119.18,2021-02-23 14:25:00,46565.18,49111.0,
short,2021-02-23 15:05:00,48098.07,2021-02-23 17:10:00,45243.89,47680.13,
short,2021-02-23 18:55:00,48680.01,2021-02-23 20:15:00,46252.64,48700.0,
short,2021-02-26 00:15:00,49757.42,2021-02-26 05:20:00,47100.0,49615.0,
short,2021-02-26 05:50:00,47022.23,2021-02-26 13:05:00,44623.85,47000.48,
short,2021-02-28 00:15:00,47164.98,2021-02-28 09:10:00,44673.14,47150.59,
short,2021-03-04 00:15:00,51160.05,2021-03-04 14:50:00,48692.1,51300.0,
short,2021-03-15 00:15:00,60224.63,2021-03-15 14:50:00,55718.66,59999.58,
short,2021-03-16 01:25:00,56570.36,2021-03-16 06:30:00,53548.52,56384.93,
short,2021-03-21 00:15:00,59250.0,2021-03-21 15:10:00,55978.75,59164.39,
short,2021-03-23 00:15:00,56597.93,2021-03-23 10:55:00,53349.57,56366.0,
short,2021-03-25 00:15:00,55593.6,2021-03-25 03:45:00,52105.0,55520.0,
short,2021-04-16 01:25:00,63363.29,2021-04-16 16:45:00,60122.01,63295.27,
short,2021-04-18 00:15:00,60367.18,2021-04-18 08:50:00,56177.27,60368.01,
short,2021-04-18 13:00:00,56322.79,2021-04-18 17:20:00,53248.13,56096.49,
short,2021-04-23 00:15:00,53436.17,2021-04-23 07:15:00,50195.03,53107.01,
short,2021-04-23 07:35:00,50671.91,2021-04-23 13:00:00,48152.56,50848.71,
short,2021-04-26 00:45:00,49662.84,2021-04-26 03:10:00,47135.68,49656.35,
short,2021-04-29 01:40:00,55470.86,2021-04-29 23:30:00,52506.55,55298.52,
short,2021-05-04 00:15:00,57850.89,2021-05-04 20:05:00,54819.36,57791.3,
short,2021-05-12 06:15:00,57114.43,2021-05-12 23:45:00,54101.01,56997.54,
short,2021-05-13 00:15:00,54275.46,2021-05-13 05:05:00,50891.88,53576.3,
short,2021-05-13 05:25:00,49631.32,2021-05-13 05:30:00,47148.56,50291.37,
short,2021-05-13 06:10:00,49896.61,2021-05-13 23:00:00,47057.76,49665.61,
short,2021-05-15 00:15:00,50473.03,2021-05-15 22:00:00,47805.01,50334.89,
short,2021-05-16 11:55:00,49120.83,2021-05-16 22:40:00,46663.83,49128.99,
short,2021-05-17 00:15:00,46567.68,2021-05-17 08:50:00,43578.06,46109.27,
short,2021-05-17 11:50:00,44796.98,2021-05-17 22:40:00,42311.97,44579.56,
short,2021-05-18 09:45:00,45055.13,2021-05-18 20:05:00,42668.33,45062.28,
short,2021-05-19 00:15:00,42563.33,2021-05-19 08:30:00,40239.04,42371.96,
short,2021-05-19 08:50:00,40869.34,2021-05-19 16:55:00,38128.79,40400.28,
short,2021-05-19 17:15:00,38011.35,2021-05-19 18:15:00,35512.32,37415.1,
short,2021-05-19 18:35:00,30101.0,2021-05-19 18:35:00,30101.0,32488.89,
short,2021-05-20 00:15:00,37870.29,2021-05-20 06:10:00,35521.67,37600.0,
short,2021-05-20 18:00:00,41594.69,2021-05-20 22:05:00,38973.18,41113.63,
short,2021-05-21 00:15:00,39966.47,2021-05-21 20:05:00,36683.49,39678.0,
short,2021-05-22 00:15:00,37164.49,2021-05-22 02:35:00,34623.51,36791.44,
short,2021-05-22 06:30:00,37456.9,2021-05-22 10:55:00,35411.78,37450.64,
short,2021-05-23 00:15:00,37550.0,2021-05-23 13:40:00,35076.86,37300.0,
short,2021-05-23 14:00:00,34929.74,2021-05-23 18:30:00,33320.16,35078.85,
short,2021-05-23 18:50:00,33201.62,2021-05-23 22:00:00,31548.04,33333.4,
short,2021-05-25 01:25:00,39606.1,2021-05-25 16:00:00,36892.45,38900.69,
short,2021-05-26 12:10:00,40702.02,2021-05-26 22:35:00,38177.16,40250.05,
short,2021-05-28 00:15:00,39120.02,2021-05-28 11:15:00,36830.46,38949.37,
short,2021-05-29 00:15:00,36012.94,2021-05-29 18:55:00,34271.6,36143.97,
short,2021-05-31 00:15:00,36110.55,2021-05-31 09:40:00,34300.42,36110.36,
short,2021-06-01 06:35:00,37703.39,2021-06-01 18:35:00,35806.92,37694.72,
short,2021-06-04 00:15:00,38614.96,2021-06-04 12:15:00,36586.93,38540.92,
short,2021-06-05 06:20:00,37572.81,2021-06-05 17:30:00,35579.83,37471.33,
short,2021-06-08 00:15:00,35560.78,2021-06-08 05:05:00,33674.86,35543.98,
short,2021-06-08 05:25:00,33552.79,2021-06-08 19:45:00,31603.0,33300.0,
short,2021-06-12 00:15:00,36912.22,2021-06-12 15:40:00,34793.49,36801.99,
short,2021-06-16 00:15:00,40606.89,2021-06-16 20:20:00,38799.34,40880.0,
short,2021-06-18 00:15:00,37896.6,2021-06-18 23:55:00,35724.87,37701.61,
short,2021-06-20 00:15:00,35516.13,2021-06-20 17:45:00,33462.83,35360.08,
short,2021-06-21 00:15:00,34855.77,2021-06-21 12:00:00,32991.99,34750.29,
short,2021-06-22 00:15:00,32685.3,2021-06-22 17:30:00,30500.0,32419.99,
short,2021-06-25 00:15:00,34916.48,2021-06-25 18:05:00,33082.74,34896.43,
short,2021-06-25 19:50:00,33249.97,2021-06-25 23:10:00,31526.01,33259.95,
short,2021-06-26 00:15:00,32158.58,2021-06-26 13:35:00,30350.04,32030.25,
short,2021-06-30 00:15:00,36289.99,2021-06-30 20:30:00,34268.82,36142.22,
short,2021-07-01 01:45:00,34898.59,2021-07-01 15:50:00,33026.0,34905.92,
short,2021-07-05 00:15:00,35470.58,2021-07-05 17:00:00,33528.5,35435.0,
short,2021-07-08 00:15:00,34716.65,2021-07-08 11:25:00,32884.56,34701.07,
short,2021-07-15 00:15:00,32778.71,2021-07-15 22:45:00,31223.89,32901.3,
short,2021-07-27 00:15:00,39710.72,2021-07-27 02:20:00,37435.88,39545.39,
short,2021-08-02 01:10:00,41419.56,2021-08-02 17:40:00,39108.47,41191.0,
short,2021-08-05 00:15:00,39643.3,2021-08-05 18:15:00,37526.11,39573.83,
short,2021-08-12 00:15:00,46386.23,2021-08-12 21:55:00,43889.72,46277.52,
short,2021-08-26 00:15:00,48872.36,2021-08-26 17:35:00,46427.14,48886.1,
short,2021-09-07 00:15:00,51731.08,2021-09-07 20:15:00,48675.33,51677.01,
short,2021-09-07 20:35:00,43088.74,2021-09-07 20:35:00,43088.74,47200.0,
short,2021-09-08 00:20:00,46934.73,2021-09-08 13:45:00,44642.56,47029.99,
short,2021-09-13 00:35:00,45887.37,2021-09-13 19:45:00,43562.51,45872.64,
short,2021-09-20 00:15:00,47596.92,2021-09-20 13:00:00,44604.33,47651.41,
short,2021-09-20 13:50:00,45000.0,2021-09-20 18:05:00,42608.21,44861.15,
short,2021-09-21 00:15:00,43550.01,2021-09-21 05:50:00,40564.88,43224.0,
short,2021-09-22 00:15:00,42167.38,2021-09-22 02:45:00,39681.0,42166.64,
short,2021-09-24 00:15:00,44672.55,2021-09-24 15:25:00,42350.81,44590.79,
short,2021-10-21 00:15:00,66528.97,2021-10-21 20:55:00,62380.15,66582.0,
short,2021-10-22 13:50:00,63475.98,2021-10-22 21:40:00,60214.53,63450.0,
short,2021-10-27 00:15:00,62357.99,2021-10-27 13:30:00,58740.3,62284.27,
short,2021-11-11 00:15:00,68010.0,2021-11-11 02:50:00,62947.71,67553.99,
short,2021-11-16 00:15:00,63732.25,2021-11-16 09:40:00,60500.58,63796.49,
short,2021-11-18 00:15:00,60431.25,2021-11-18 22:25:00,57276.9,60300.0,
short,2021-11-26 00:15:00,59099.99,2021-11-26 13:50:00,56034.56,59049.98,
short,2021-12-04 00:15:00,54992.2,2021-12-04 09:25:00,52000.0,54770.0,
short,2021-12-04 09:45:00,52539.55,2021-12-04 10:30:00,48969.08,52017.61,
short,2021-12-04 10:50:00,47096.61,2021-12-04 10:55:00,45559.47,48589.57,
short,2021-12-09 00:25:00,50548.7,2021-12-09 23:55:00,47884.73,50416.01,
short,2021-12-13 00:15:00,50418.78,2021-12-13 19:50:00,47881.87,50443.94,
short,2021-12-17 02:05:00,48243.95,2021-12-17 20:40:00,45704.32,48134.38,
short,2021-12-28 00:15:00,51686.18,2021-12-28 09:45:00,48862.32,51655.0,
short,2022-01-06 00:15:00,45995.33,2022-01-06 03:40:00,43359.46,45809.0,
short,2022-01-07 00:30:00,43300.89,2022-01-07 21:45:00,40995.4,43240.81,
short,2022-01-10 00:15:00,42087.17,2022-01-10 19:50:00,39865.88,42032.0,
short,2022-01-21 00:15:00,43036.6,2022-01-21 04:50:00,40641.36,42913.06,
short,2022-01-21 05:10:00,40876.43,2022-01-21 09:00:00,38438.17,40680.19,
short,2022-01-22 00:15:00,38343.03,2022-01-22 04:15:00,35699.21,38255.77,
short,2022-01-22 04:55:00,36732.31,2022-01-22 15:35:00,34283.29,36269.47,
short,2022-01-24 00:15:00,34957.58,2022-01-24 16:25:00,33276.59,35099.65,
short,2022-01-27 00:15:00,37723.76,2022-01-27 07:50:00,35777.32,37683.02,
short,2022-02-08 11:55:00,45125.87,2022-02-08 22:55:00,42868.95,45125.73,
short,2022-02-11 00:20:00,45145.8,2022-02-11 06:10:00,42711.64,44984.6,
short,2022-02-17 00:15:00,43744.96,2022-02-17 23:40:00,41403.24,43684.43,
short,2022-02-20 00:20:00,40144.61,2022-02-20 14:30:00,38094.11,40105.51,
short,2022-02-24 00:15:00,37905.68,2022-02-24 08:30:00,35547.87,37726.88,
short,2022-02-28 00:15:00,38980.27,2022-02-28 02:45:00,37014.35,39035.13,
short,2022-03-10 00:15:00,41896.93,2022-03-10 10:00:00,39743.27,41936.82,
short,2022-03-16 07:50:00,41345.5,2022-03-16 09:50:00,38970.28,41035.97,
short,2022-04-06 00:15:00,45964.45,2022-04-06 22:30:00,43569.24,45875.0,
short,2022-04-11 00:15:00,43136.35,2022-04-11 19:00:00,40819.37,43130.5,
short,2022-04-22 00:15:00,41433.45,2022-04-22 21:20:00,39396.06,41575.31,
short,2022-04-26 01:10:00,40261.0,2022-04-26 22:50:00,38065.06,40169.02,
short,2022-05-05 00:15:00,39334.29,2022-05-05 23:50:00,36150.64,38590.97,
short,2022-05-08 00:15:00,35925.17,2022-05-08 22:30:00,33941.07,35940.0,
short,2022-05-09 00:15:00,34528.5,2022-05-09 20:05:00,32497.47,34443.09,
short,2022-05-11 00:15:00,31683.73,2022-05-11 18:15:00,29604.96,31559.49,
short,2022-05-11 19:40:00,30837.75,2022-05-11 23:10:00,29553.42,31120.27,
short,2022-05-12 00:15:00,29905.56,2022-05-12 02:55:00,28169.79,29966.15,
short,2022-05-12 03:15:00,28754.4,2022-05-12 11:20:00,26888.39,28313.96,
short,2022-05-16 02:00:00,31029.96,2022-05-16 22:10:00,29229.87,30825.38,
short,2022-05-18 03:25:00,30551.79,2022-05-18 21:30:00,28882.03,30403.33,
short,2022-05-20 02:55:00,30276.18,2022-05-20 22:55:00,28771.14,30290.73,
short,2022-05-26 00:15:00,29773.15,2022-05-26 18:45:00,28235.19,29791.99,
short,2022-06-01 00:15:00,31770.01,2022-06-01 22:45:00,30156.82,31764.57,
short,2022-06-07 00:15:00,31340.21,2022-06-07 07:20:00,29400.0,31230.24,
short,2022-06-12 00:15:00,28611.58,2022-06-12 19:45:00,26963.3,28559.34,
short,2022-06-13 00:15:00,27901.99,2022-06-13 05:30:00,26483.4,27911.76,
short,2022-06-13 05:50:00,26742.72,2022-06-13 08:30:00,25094.7,26482.07,
short,2022-06-13 08:50:00,25088.5,2022-06-13 16:50:00,23618.67,24900.0,
short,2022-06-13 17:55:00,24165.34,2022-06-13 20:30:00,22727.2,23990.14,
short,2022-06-14 00:15:00,23508.75,2022-06-14 04:35:00,22341.91,23532.33,
short,2022-06-14 04:55:00,22160.63,2022-06-14 07:25:00,20855.0,22043.7,
short,2022-06-15 00:15:00,22277.51,2022-06-15 09:30:00,21300.0,22470.37,
short,2022-06-15 12:30:00,21360.73,2022-06-15 15:00:00,20154.28,21217.56,
short,2022-06-15 19:30:00,21678.97,2022-06-15 23:35:00,20420.58,21525.95,
short,2022-06-16 03:20:00,22300.0,2022-06-16 16:05:00,20873.51,22015.71,
short,2022-06-18 00:15:00,20512.52,2022-06-18 12:25:00,19439.26,20476.17,
short,2022-06-18 12:45:00,19344.46,2022-06-18 23:55:00,18262.51,19260.0,
short,2022-06-19 04:10:00,19228.08,2022-06-19 10:50:00,18059.47,19123.78,
short,2022-06-22 00:15:00,21180.7,2022-06-22 11:55:00,20020.0,21125.0,
short,2022-06-30 00:15:00,20058.33,2022-06-30 14:35:00,19051.09,20060.4,
short,2022-07-01 06:10:00,20412.41,2022-07-01 12:30:00,19345.87,20367.92,
short,2022-07-10 00:15:00,21798.03,2022-07-10 21:40:00,20717.86,21823.75,
short,2022-07-21 00:15:00,23800.37,2022-07-21 19:55:00,22453.64,23664.6,
short,2022-07-26 00:15:00,21865.77,2022-07-26 21:20:00,20740.54,21862.83,
short,2022-08-19 00:15:00,23272.2,2022-08-19 12:05:00,21872.8,23256.0,
short,2022-08-26 18:55:00,21776.3,2022-08-26 21:55:00,20584.44,21705.75,
short,2022-09-06 06:30:00,20159.7,2022-09-06 23:55:00,19005.07,20013.02,
short,2022-09-13 00:15:00,22382.69,2022-09-13 20:00:00,21159.02,22278.16,
short,2022-09-19 00:15:00,19651.6,2022-09-19 11:25:00,18459.71,19608.24,
short,2022-09-22 00:15:00,19562.2,2022-09-22 03:45:00,18243.02,19251.07,
short,2022-09-27 08:40:00,20125.05,2022-09-27 22:30:00,18956.41,19959.49,
short,2022-11-08 00:15:00,20715.96,2022-11-08 09:45:00,19585.19,20700.0,
short,2022-11-08 11:50:00,19752.7,2022-11-08 23:45:00,18689.89,19675.0,
short,2022-11-09 00:15:00,18802.85,2022-11-09 00:55:00,17716.19,18650.0,
short,2022-11-09 01:15:00,18511.82,2022-11-09 23:50:00,16753.66,17661.78,
short,2022-11-10 00:30:00,16810.96,2022-11-10 03:35:00,15630.18,16569.1,
short,2022-11-11 00:40:00,17351.89,2022-11-11 19:55:00,16461.55,17354.26,
short,2023-02-17 00:15:00,25000.78,2023-02-17 05:20:00,23544.88,24895.39,
short,2023-03-03 00:20:00,23412.85,2023-03-03 07:25:00,22150.31,23353.93,
short,2023-03-10 00:15:00,21014.59,2023-03-10 06:45:00,19828.2,21022.77,
short,2023-03-15 00:15:00,25219.8,2023-03-15 22:30:00,23967.85,25362.44,
short,2023-03-23 00:25:00,28027.99,2023-03-23 01:25:00,26667.33,28166.02,
short,2023-04-27 00:15:00,29744.73,2023-04-27 01:15:00,27960.4,29723.0,
short,2023-05-01 00:15:00,29597.43,2023-05-01 20:55:00,28110.82,29592.55,
short,2023-05-08 00:15:00,28888.2,2023-05-08 23:30:00,27448.61,28909.67,
short,2023-06-05 00:15:00,27189.08,2023-06-05 21:30:00,25554.37,27187.76,
short,2023-08-18 00:15:00,27874.52,2023-08-18 03:10:00,25188.01,27878.9,
short,2023-12-11 00:15:00,43831.11,2023-12-11 21:40:00,41605.42,43856.66,
long,2020-01-03 00:15:00,6976.52,2020-01-03 15:20:00,7337.28,,6985.0
long,2020-01-07 00:15:00,7535.54,2020-01-07 06:00:00,7968.53,,7547.16
long,2020-01-08 03:55:00,8023.91,2020-01-08 06:25:00,8431.82,,8026.22
long,2020-01-10 13:55:00,7712.29,2020-01-10 21:30:00,8114.89,,7727.27
long,2020-01-14 00:15:00,8102.2,2020-01-14 09:30:00,8518.16,,8101.17
long,2020-02-05 00:15:00,9187.52,2020-02-05 23:50:00,9708.9,,9220.65
long,2020-02-11 06:35:00,9785.82,2020-02-11 21:30:00,10300.0,,9803.84
long,2020-03-02 00:20:00,8467.0,2020-03-02 22:50:00,8910.0,,8482.37
long,2020-03-10 00:15:00,7744.66,2020-03-10 18:20:00,8140.46,,7752.71
long,2020-03-13 04:50:00,5162.66,2020-03-13 19:00:00,5945.51,,5658.31
long,2020-03-13 21:20:00,5198.93,2020-03-13 22:10:00,5395.03,,5136.17
long,2020-03-14 00:15:00,4841.68,2020-03-14 01:15:00,5343.4,,5082.96
long,2020-03-14 01:55:00,5378.96,2020-03-14 04:40:00,5688.3,,5408.34
long,2020-03-15 03:50:00,5206.7,2020-03-15 17:45:00,5550.38,,5285.89
long,2020-03-16 00:15:00,5323.79,2020-03-16 03:10:00,5653.21,,5334.94
long,2020-03-16 13:15:00,4874.26,2020-03-16 21:25:00,5151.39,,4899.02
long,2020-03-17 00:15:00,5094.47,2020-03-17 13:40:00,5402.82,,5135.0
long,2020-03-17 19:35:00,5139.31,2020-03-17 21:30:00,5413.98,,5150.49
long,2020-03-18 15:50:00,5100.38,2020-03-18 19:20:00,5370.36,,5109.95
long,2020-03-19 00:15:00,5248.93,2020-03-19 15:25:00,5593.53,,5285.0
long,2020-03-19 15:45:00,5583.2,2020-03-19 21:35:00,5915.18,,5628.06
long,2020-03-20 00:15:00,6188.78,2020-03-20 13:45:00,6758.31,,6245.01
long,2020-03-21 02:05:00,5885.39,2020-03-21 03:30:00,6301.55,,5978.0
long,2020-03-21 16:50:00,5955.23,2020-03-21 18:55:00,6258.96,,5953.28
long,2020-03-23 00:15:00,5984.03,2020-03-23 18:30:00,6439.65,,6027.72
long,2020-03-24 00:15:00,6270.0,2020-03-24 13:45:00,6699.0,,6323.46
long,2020-03-25 08:15:00,6552.63,2020-03-25 15:05:00,6944.26,,6605.0
long,2020-03-30 00:15:00,6074.1,2020-03-30 21:00:00,6417.11,,6099.79
long,2020-04-02 00:15:00,6196.96,2020-04-02 04:05:00,6590.36,,6211.99
long,2020-04-02 04:25:00,6520.75,2020-04-02 22:25:00,6916.62,,6574.84
long,2020-04-06 00:15:00,6797.24,2020-04-06 21:30:00,7174.78,,6817.26
long,2020-04-12 00:15:00,6791.0,2020-04-12 22:30:00,7157.74,,6803.1
long,2020-04-16 00:40:00,6739.54,2020-04-16 14:00:00,7087.95,,6750.0
long,2020-04-23 00:15:00,7110.96,2020-04-23 19:50:00,7590.69,,7123.89
long,2020-04-29 00:15:00,7738.78,2020-04-29 16:30:00,8128.09,,7738.02
long,2020-04-29 16:50:00,8130.5,2020-04-29 22:10:00,8646.03,,8174.85
long,2020-04-30 00:15:00,8603.49,2020-04-30 09:05:00,9172.01,,8685.01
long,2020-05-06 00:15:00,8883.01,2020-05-06 17:30:00,9357.04,,8910.0
long,2020-05-07 00:15:00,9224.24,2020-05-07 22:35:00,9713.4,,9234.91
long,2020-05-11 00:15:00,8483.02,2020-05-11 17:20:00,8981.71,,8498.87
long,2020-05-12 00:15:00,8457.95,2020-05-12 19:55:00,8909.84,,8460.0
long,2020-05-14 00:15:00,9084.69,2020-05-14 14:15:00,9620.98,,9105.61
long,2020-05-17 00:15:00,9273.52,2020-05-17 20:20:00,9789.83,,9314.28
long,2020-06-02 00:15:00,9571.67,2020-06-02 04:35:00,10064.5,,9575.0
long,2020-07-27 00:15:00,9910.19,2020-07-27 22:00:00,10433.73,,9930.0
long,2020-07-28 01:15:00,10750.79,2020-07-28 03:45:00,11320.36,,10768.68
long,2020-08-17 00:15:00,11833.64,2020-08-17 21:15:00,12450.22,,11828.53
long,2020-10-21 00:15:00,11958.52,2020-10-21 19:50:00,12710.83,,11948.88
long,2020-10-27 00:15:00,12953.51,2020-10-27 22:25:00,13642.75,,12973.9
long,2020-11-05 00:15:00,14079.86,2020-11-05 18:10:00,14859.59,,14117.55
long,2020-11-06 00:15:00,14938.18,2020-11-06 04:40:00,15732.82,,14951.78
long,2020-11-08 00:55:00,14785.38,2020-11-08 23:30:00,15648.13,,14878.0
long,2020-11-16 00:15:00,15896.49,2020-11-16 22:55:00,16729.42,,15926.97
long,2020-11-17 00:15:00,16707.28,2020-11-17 22:25:00,17639.35,,16718.86
long,2020-11-18 03:45:00,17474.62,2020-11-18 10:20:00,18462.35,,17555.45
long,2020-11-20 04:10:00,17916.28,2020-11-20 21:40:00,18800.61,,17904.99
long,2020-11-24 00:15:00,18369.38,2020-11-24 20:15:00,19347.48,,18418.62
long,2020-11-27 00:45:00,16330.0,2020-11-27 06:20:00,17350.0,,16514.59
long,2020-11-28 00:15:00,16767.39,2020-11-28 22:00:00,17708.01,,16845.84
long,2020-11-30 00:15:00,18105.15,2020-11-30 19:15:00,19098.99,,18085.46
long,2020-12-01 18:50:00,18620.0,2020-12-01 20:35:00,19464.17,,18513.08
long,2020-12-16 00:15:00,19508.5,2020-12-16 19:40:00,20798.35,,19518.0
long,2020-12-17 00:15:00,20650.0,2020-12-17 06:40:00,21767.57,,20713.4
long,2020-12-17 07:00:00,21662.65,2020-12-17 13:45:00,22851.44,,21737.91
long,2020-12-19 00:15:00,22769.44,2020-12-19 21:45:00,24037.56,,22759.47
long,2020-12-25 00:15:00,23307.07,2020-12-25 17:00:00,24585.2,,23338.92
long,2020-12-26 00:15:00,24392.52,2020-12-26 21:00:00,25518.3,,24248.35
long,2020-12-27 00:15:00,25721.31,2020-12-27 11:30:00,27317.09,,25784.01
long,2020-12-30 00:15:00,26650.0,2020-12-30 08:35:00,28134.3,,26749.82
long,2021-01-02 00:15:00,28908.44,2021-01-02 18:05:00,30549.36,,29072.67
long,2021-01-02 18:25:00,30604.03,2021-01-02 22:00:00,32710.28,,30888.0
long,2021-01-03 00:15:00,32810.0,2021-01-03 12:50:00,34450.01,,32785.0
long,2021-01-04 16:00:00,29420.44,2021-01-04 19:25:00,31400.0,,29900.0
long,2021-01-05 00:15:00,31152.75,2021-01-05 23:40:00,33132.77,,31374.24
long,2021-01-06 00:15:00,33387.79,2021-01-06 09:50:00,35150.0,,33330.0
long,2021-01-07 00:15:00,35202.66,2021-01-07 05:55:00,37003.14,,35200.0
long,2021-01-07 06:15:00,37056.44,2021-01-07 21:35:00,39362.59,,37287.63
long,2021-01-08 00:15:00,37371.56,2021-01-08 16:30:00,40960.78,,39000.0
long,2021-01-09 12:00:00,38981.02,2021-01-09 19:30:00,41303.27,,39245.2
long,2021-01-11 02:00:00,36808.81,2021-01-11 03:45:00,38909.63,,37000.0
long,2021-01-11 11:50:00,34091.63,2021-01-11 15:30:00,36200.61,,34450.0
long,2021-01-11 21:50:00,31750.0,2021-01-11 23:00:00,33094.27,,31383.17
long,2021-01-12 00:15:00,33150.01,2021-01-12 04:40:00,34945.75,,33247.12
long,2021-01-12 06:00:00,34901.5,2021-01-12 13:10:00,36590.26,,34828.57
long,2021-01-12 20:00:00,32876.76,2021-01-12 23:45:00,35465.0,,33735.92
long,2021-01-13 06:10:00,33174.21,2021-01-13 13:15:00,34989.07,,33254.23
long,2021-01-14 00:15:00,35830.0,2021-01-14 05:30:00,37819.63,,35825.99
long,2021-01-14 05:50:00,37720.68,2021-01-14 21:00:00,40022.24,,38075.58
long,2021-01-16 00:15:00,34845.17,2021-01-16 15:30:00,37852.02,,35787.15
long,2021-01-18 09:05:00,35053.47,2021-01-18 17:35:00,37230.76,,35343.17
long,2021-01-19 00:15:00,35710.45,2021-01-19 21:35:00,37691.71,,35889.99
long,2021-01-22 03:45:00,30784.66,2021-01-22 19:55:00,32500.0,,30919.85
long,2021-01-25 00:15:00,31881.9,2021-01-25 09:20:00,33600.0,,31877.98
long,2021-01-25 15:25:00,32979.1,2021-01-25 19:40:00,34775.52,,33098.26
long,2021-01-28 00:15:00,29771.18,2021-01-28 11:25:00,31729.16,,30163.13
long,2021-01-29 00:15:00,32569.69,2021-01-29 05:55:00,34172.97,,32448.27
long,2021-01-29 06:15:00,34012.33,2021-01-29 14:25:00,36240.24,,34159.07
long,2021-01-29 14:45:00,36142.6,2021-01-29 19:20:00,38370.21,,36432.88
long,2021-02-01 00:15:00,32602.55,2021-02-01 14:25:00,34477.31,,32712.71
long,2021-02-02 00:15:00,33805.05,2021-02-02 14:45:00,35599.38,,33850.0
long,2021-02-03 00:15:00,35149.25,2021-02-03 09:35:00,36803.6,,35040.0
long,2021-02-04 01:40:00,36781.05,2021-02-04 13:55:00,38664.52,,36814.85
long,2021-02-06 00:15:00,37569.98,2021-02-06 14:35:00,39778.68,,37814.0
long,2021-02-08 00:15:00,38302.1,2021-02-08 18:10:00,40370.99,,38185.68
long,2021-02-09 00:15:00,42817.58,2021-02-09 04:45:00,45623.36,,43209.85
long,2021-02-11 00:15:00,44947.81,2021-02-11 18:45:00,47718.0,,45090.77
long,2021-02-14 00:15:00,46881.29,2021-02-14 17:40:00,49614.41,,47022.26
long,2021-02-16 05:50:00,47562.7,2021-02-16 18:00:00,50221.4,,47800.0
long,2021-02-17 00:15:00,48687.73,2021-02-17 13:25:00,51112.39,,48601.25
long,2021-02-19 00:15:00,51941.08,2021-02-19 22:05:00,54754.85,,52130.0
long,2021-02-20 00:15:00,54977.95,2021-02-20 18:10:00,57586.19,,54793.24
long,2021-02-23 17:15:00,45940.4,2021-02-23 18:20:00,48819.37,,46490.22
long,2021-02-24 00:15:00,47601.14,2021-02-24 07:25:00,50191.6,,47777.0
long,2021-02-25 01:15:00,48984.33,2021-02-25 18:30:00,51640.46,,49168.45
long,2021-02-26 11:35:00,46153.39,2021-02-26 22:30:00,48350.0,,45944.74
long,2021-02-27 03:35:00,45309.11,2021-02-27 12:10:00,48332.2,,46000.01
long,2021-03-01 00:15:00,43641.82,2021-03-01 04:30:00,45839.63,,43557.35
long,2021-03-01 04:50:00,45625.28,2021-03-01 18:30:00,48208.61,,45801.15
long,2021-03-03 00:15:00,47686.34,2021-03-03 13:45:00,50489.96,,47820.15
long,2021-03-07 00:15:00,48489.99,2021-03-07 15:05:00,51123.62,,48623.0
long,2021-03-09 00:15:00,50804.44,2021-03-09 07:15:00,53517.66,,50943.48
long,2021-03-10 00:15:00,53628.16,2021-03-10 22:20:00,56899.98,,53972.83
long,2021-03-13 00:15:00,57393.46,2021-03-13 17:50:00,60402.87,,57426.04
long,2021-03-24 05:55:00,53836.88,2021-03-24 17:35:00,57007.57,,54161.28
long,2021-03-29 00:30:00,55098.94,2021-03-29 17:35:00,58317.06,,55500.0
long,2021-04-10 03:55:00,58190.72,2021-04-10 10:40:00,61183.79,,58262.8
long,2021-04-13 00:15:00,59975.01,2021-04-13 15:15:00,63039.28,,59960.0
long,2021-04-26 00:15:00,49739.35,2021-04-26 07:30:00,52235.4,,49645.83
long,2021-04-30 00:15:00,52850.85,2021-04-30 19:20:00,55732.38,,52825.19
long,2021-05-05 00:15:00,54589.99,2021-05-05 21:20:00,57438.0,,54651.0
long,2021-05-07 00:55:00,55659.01,2021-05-07 22:30:00,58499.99,,55640.16
long,2021-05-14 00:15:00,48369.21,2021-05-14 16:35:00,50919.99,,48437.87
long,2021-05-16 05:25:00,46762.99,2021-05-16 16:15:00,49633.07,,47123.74
long,2021-05-17 09:35:00,42739.25,2021-05-17 17:05:00,45616.37,,43330.0
long,2021-05-18 04:15:00,42857.33,2021-05-18 11:35:00,45652.02,,43346.12
long,2021-05-19 18:20:00,32904.67,2021-05-19 22:15:00,39806.44,,37898.0
long,2021-05-20 00:15:00,37870.29,2021-05-20 12:55:00,40667.84,,38662.26
long,2021-05-20 13:30:00,40239.91,2021-05-20 18:45:00,42317.43,,40194.45
long,2021-05-21 00:15:00,39966.47,2021-05-21 06:10:00,41973.04,,39889.95
long,2021-05-21 11:45:00,39423.88,2021-05-21 19:35:00,41630.94,,39634.92
long,2021-05-22 01:00:00,35622.16,2021-05-22 16:15:00,38408.93,,36549.89
long,2021-05-23 22:15:00,31898.79,2021-05-23 22:35:00,33565.0,,31916.0
long,2021-05-24 00:15:00,32604.23,2021-05-24 03:45:00,34844.48,,32982.74
long,2021-05-24 04:05:00,34351.0,2021-05-24 12:35:00,36500.64,,34710.97
long,2021-05-24 12:55:00,36198.61,2021-05-24 18:05:00,38375.04,,36507.45
long,2021-05-26 00:15:00,37933.06,2021-05-26 11:55:00,40252.04,,38176.51
long,2021-05-27 01:00:00,38053.79,2021-05-27 18:55:00,40246.46,,38259.62
long,2021-05-29 02:45:00,35133.47,2021-05-29 10:55:00,37140.21,,35292.9
long,2021-05-30 00:15:00,33968.75,2021-05-30 12:30:00,35927.43,,34179.96
long,2021-05-31 06:00:00,35253.22,2021-05-31 21:45:00,37417.97,,35472.19
long,2021-06-02 00:35:00,36005.8,2021-06-02 20:40:00,38153.01,,36317.38
long,2021-06-03 04:20:00,37498.92,2021-06-03 15:45:00,39409.99,,37498.5
long,2021-06-09 00:15:00,32493.96,2021-06-09 12:10:00,34085.07,,32460.42
long,2021-06-09 12:30:00,34371.13,2021-06-09 20:45:00,36240.23,,34360.0
long,2021-06-10 00:15:00,36146.24,2021-06-10 15:30:00,38295.43,,36187.07
long,2021-06-13 04:05:00,35594.03,2021-06-13 23:50:00,37529.16,,35728.59
long,2021-06-14 00:15:00,37369.03,2021-06-14 07:00:00,39683.93,,37440.0
long,2021-06-14 08:45:00,38987.57,2021-06-14 19:45:00,40937.72,,38953.26
long,2021-06-22 05:55:00,31397.56,2021-06-22 09:05:00,33145.83,,31454.85
long,2021-06-22 17:45:00,30500.0,2021-06-22 21:40:00,32296.28,,30733.28
long,2021-06-23 00:30:00,32841.27,2021-06-23 18:40:00,34786.3,,33021.58
long,2021-06-24 00:25:00,33292.58,2021-06-24 23:30:00,35144.29,,33461.5
long,2021-06-27 00:15:00,31588.96,2021-06-27 13:10:00,33418.01,,31811.46
long,2021-06-28 00:15:00,32720.41,2021-06-28 05:05:00,34608.28,,32850.0
long,2021-06-29 00:15:00,34192.54,2021-06-29 18:40:00,36043.1,,34248.41
long,2021-07-03 00:45:00,33186.58,2021-07-03 23:10:00,34921.57,,33242.05
long,2021-07-21 00:15:00,29798.44,2021-07-21 15:25:00,31314.2,,29800.0
long,2021-07-24 00:15:00,32090.0,2021-07-24 11:55:00,33887.99,,32220.15
long,2021-07-26 00:15:00,34386.37,2021-07-26 06:20:00,36305.0,,34448.14
long,2021-07-27 08:25:00,36515.68,2021-07-27 19:05:00,38724.28,,36850.01
long,2021-07-28 00:15:00,37940.11,2021-07-28 07:40:00,40161.74,,38051.82
long,2021-07-31 00:15:00,39078.99,2021-07-31 03:00:00,41132.76,,39149.99
long,2021-08-04 12:55:00,37796.59,2021-08-04 23:35:00,39736.74,,37837.07
long,2021-08-05 14:20:00,38505.0,2021-08-05 23:55:00,40757.89,,38807.82
long,2021-08-06 00:15:00,40799.98,2021-08-06 23:10:00,43138.75,,40987.0
long,2021-08-09 00:15:00,43693.57,2021-08-09 19:35:00,46080.15,,43859.16
long,2021-08-13 00:15:00,44315.99,2021-08-13 18:10:00,46578.23,,44322.52
long,2021-08-20 00:15:00,46505.96,2021-08-20 21:55:00,49043.03,,46620.0
long,2021-09-21 06:05:00,41780.0,2021-09-21 16:15:00,43594.76,,41356.81
long,2021-09-22 02:10:00,41212.65,2021-09-22 23:35:00,43866.13,,41681.0
long,2021-09-26 13:20:00,41056.0,2021-09-26 15:15:00,43653.15,,41370.92
long,2021-09-30 00:15:00,41206.62,2021-09-30 09:20:00,43436.32,,41363.52
long,2021-10-01 00:15:00,43917.27,2021-10-01 15:55:00,46497.67,,43997.52
long,2021-10-06 00:15:00,50413.99,2021-10-06 18:40:00,54626.59,,50673.14
long,2021-10-11 02:55:00,54729.0,2021-10-11 20:00:00,57651.69,,54799.64
long,2021-10-15 00:15:00,57537.87,2021-10-15 22:00:00,60703.12,,57676.78
long,2021-10-20 00:15:00,63447.44,2021-10-20 20:10:00,66726.97,,63519.94
long,2021-10-25 00:15:00,60097.12,2021-10-25 16:50:00,63027.0,,59984.19
long,2021-10-28 00:50:00,58435.15,2021-10-28 19:00:00,61585.7,,58594.02
long,2021-11-02 00:15:00,60654.99,2021-11-02 21:10:00,63895.86,,60793.41
long,2021-11-08 00:15:00,62348.6,2021-11-08 06:30:00,65571.06,,62428.99
long,2021-11-29 00:15:00,54100.0,2021-11-29 04:35:00,57162.38,,54021.25
long,2021-12-07 00:15:00,49128.61,2021-12-07 21:05:00,51755.11,,49196.03
long,2021-12-10 02:15:00,47406.91,2021-12-10 19:05:00,49876.37,,47478.09
long,2021-12-21 00:15:00,46284.47,2021-12-21 09:55:00,48645.53,,46298.5
long,2021-12-23 06:00:00,48177.85,2021-12-23 23:55:00,50723.59,,48271.25
long,2022-01-24 15:50:00,33574.97,2022-01-24 23:40:00,35895.52,,34071.6
long,2022-01-26 03:05:00,36546.35,2022-01-26 19:40:00,38455.0,,36623.36
long,2022-02-04 00:15:00,36806.61,2022-02-04 20:40:00,38720.68,,36853.03
long,2022-02-07 00:15:00,41563.61,2022-02-07 21:20:00,43690.78,,41597.79
long,2022-02-10 19:45:00,43415.37,2022-02-10 22:40:00,45663.68,,43411.88
long,2022-02-15 00:40:00,42052.05,2022-02-15 20:05:00,44420.12,,42299.74
long,2022-02-24 11:20:00,34600.0,2022-02-24 21:45:00,36294.59,,34553.74
long,2022-02-25 00:15:00,36428.46,2022-02-25 01:30:00,38664.57,,36119.59
long,2022-02-28 00:15:00,38980.27,2022-02-28 21:30:00,41225.71,,39099.11
long,2022-03-01 00:15:00,41180.26,2022-03-01 04:00:00,43434.35,,41255.26
long,2022-03-08 01:15:00,37359.75,2022-03-08 23:35:00,39350.0,,37470.62
long,2022-03-09 00:15:00,38788.16,2022-03-09 09:15:00,40965.65,,38990.58
long,2022-03-16 00:15:00,39271.41,2022-03-16 07:40:00,41403.68,,39268.2
long,2022-03-22 00:15:00,40982.03,2022-03-22 10:00:00,43247.63,,41112.58
long,2022-03-28 00:15:00,44875.6,2022-03-28 06:00:00,47398.66,,44886.52
long,2022-04-18 10:30:00,38770.41,2022-04-18 23:50:00,40877.03,,38917.23
long,2022-05-10 00:15:00,30915.51,2022-05-10 12:05:00,32605.61,,30994.7
long,2022-05-11 04:15:00,30537.59,2022-05-11 15:40:00,32048.18,,30520.54
long,2022-05-11 18:25:00,29329.3,2022-05-11 20:25:00,31811.78,,30282.45
long,2022-05-12 03:05:00,28672.96,2022-05-12 06:10:00,30059.97,,28579.73
long,2022-05-12 09:45:00,27989.26,2022-05-12 20:35:00,29808.0,,28369.54
long,2022-05-13 00:15:00,28245.77,2022-05-13 07:55:00,30014.62,,28454.98
long,2022-05-19 04:20:00,28967.22,2022-05-19 21:00:00,30508.59,,29053.85
long,2022-05-30 00:15:00,29205.61,2022-05-30 11:45:00,30760.8,,29234.33
long,2022-05-31 00:15:00,30712.2,2022-05-31 22:10:00,32300.96,,30716.4
long,2022-06-06 00:15:00,30030.45,2022-06-06 19:30:00,31517.79,,30015.83
long,2022-06-13 20:35:00,22721.14,2022-06-13 22:00:00,24104.78,,22938.98
long,2022-06-14 06:40:00,21627.43,2022-06-14 10:50:00,22982.32,,21887.84
long,2022-06-15 13:55:00,20464.94,2022-06-15 19:15:00,21602.05,,20533.07
long,2022-06-16 00:35:00,21674.56,2022-06-16 06:40:00,22947.03,,21750.0
long,2022-06-19 00:15:00,18346.15,2022-06-19 03:55:00,19337.18,,18409.0
long,2022-06-19 06:50:00,18804.25,2022-06-19 15:50:00,19923.15,,18956.31
long,2022-06-20 00:15:00,19644.17,2022-06-20 02:25:00,20639.48,,19654.17
long,2022-06-20 06:55:00,19843.13,2022-06-20 16:20:00,20923.04,,19920.0
long,2022-06-21 00:15:00,19995.26,2022-06-21 11:35:00,21115.61,,20086.0
long,2022-07-01 00:15:00,19002.45,2022-07-01 05:55:00,20491.03,,19078.54
long,2022-07-08 00:15:00,21322.1,2022-07-08 06:55:00,22418.49,,21322.0
long,2022-07-14 01:15:00,19673.03,2022-07-14 23:25:00,20738.17,,19736.96
long,2022-07-18 00:15:00,21009.94,2022-07-18 12:00:00,22190.57,,21064.53
long,2022-07-19 00:15:00,21903.54,2022-07-19 21:25:00,23136.08,,21972.61
long,2022-07-27 00:15:00,20882.75,2022-07-27 23:30:00,21958.46,,20882.3
long,2022-07-28 00:15:00,22437.83,2022-07-28 21:10:00,23678.57,,22540.0
long,2022-08-10 06:15:00,22725.96,2022-08-10 18:55:00,24137.45,,22982.83
long,2022-08-11 00:25:00,23598.15,2022-08-11 18:25:00,24862.02,,23661.75
long,2022-09-09 00:15:00,19189.79,2022-09-09 09:40:00,20231.66,,19246.68
long,2022-09-09 10:10:00,20314.26,2022-09-09 22:35:00,21364.96,,20337.47
long,2022-09-19 13:05:00,18433.21,2022-09-19 20:10:00,19379.8,,18450.35
long,2022-09-21 04:45:00,18835.94,2022-09-21 23:25:00,19867.93,,18900.0
long,2022-09-22 03:55:00,18355.39,2022-09-22 17:40:00,19269.46,,18340.36
long,2022-09-27 00:15:00,19203.42,2022-09-27 08:40:00,20125.05,,19137.41
long,2022-09-28 08:05:00,18551.67,2022-09-28 21:30:00,19612.85,,18647.99
long,2022-10-25 00:15:00,19342.86,2022-10-25 23:55:00,20330.97,,19346.8
long,2022-11-04 04:15:00,20215.87,2022-11-04 20:10:00,21231.3,,20215.99
long,2022-11-08 20:10:00,19402.06,2022-11-08 22:10:00,20567.26,,19587.32
long,2022-11-10 00:15:00,16716.24,2022-11-10 19:20:00,17617.59,,16750.0
long,2022-11-14 06:05:00,16242.61,2022-11-14 18:50:00,17113.72,,16260.75
long,2022-12-13 00:15:00,17017.17,2022-12-13 19:00:00,17920.46,,17020.16
long,2023-01-12 00:15:00,17474.95,2023-01-12 23:05:00,18858.21,,17492.5
long,2023-01-14 00:15:00,19355.22,2023-01-14 05:50:00,20310.96,,19341.38
long,2023-01-21 00:15:00,21397.39,2023-01-21 03:45:00,22497.94,,21396.56
long,2023-02-02 01:05:00,23093.74,2023-02-02 06:20:00,24200.02,,23040.75
long,2023-02-16 00:15:00,22971.25,2023-02-16 02:00:00,24222.32,,22977.77
long,2023-03-13 00:15:00,21206.58,2023-03-13 06:10:00,22470.06,,21331.75
long,2023-03-13 06:30:00,22369.99,2023-03-13 20:30:00,23843.17,,22489.99
long,2023-03-14 00:15:00,24196.15,2023-03-14 18:10:00,25457.68,,24238.63
long,2023-03-17 00:15:00,24664.04,2023-03-17 12:00:00,25998.87,,24728.8
long,2023-03-23 01:25:00,26667.33,2023-03-23 21:00:00,28562.68,,27199.99
long,2023-03-29 00:15:00,27279.07,2023-03-29 13:50:00,28466.45,,27041.03
long,2023-04-26 00:15:00,27646.49,2023-04-26 17:45:00,29227.21,,27790.19
long,2023-04-27 01:35:00,27463.2,2023-04-27 23:55:00,29629.26,,28168.05
long,2023-06-20 00:35:00,26612.36,2023-06-20 23:40:00,27966.01,,26614.68
long,2023-06-21 00:15:00,28003.99,2023-06-21 20:00:00,29473.75,,27956.77
long,2023-08-29 00:15:00,26111.82,2023-08-29 20:10:00,27547.95,,26130.0
long,2023-09-12 01:00:00,25105.92,2023-09-12 22:00:00,26409.99,,25128.54
long,2023-10-02 00:15:00,27093.05,2023-10-02 19:25:00,28544.0,,27100.01
long,2023-10-16 00:15:00,27058.28,2023-10-16 18:55:00,29330.53,,27045.0
long,2023-10-24 00:15:00,31007.9,2023-10-24 04:10:00,33966.12,,31002.85
long,2023-10-24 04:45:00,33160.45,2023-10-24 07:50:00,34945.03,,33275.96
long,2023-11-09 00:15:00,35569.58,2023-11-09 19:35:00,37304.84,,35479.0
long,2023-11-15 00:35:00,35408.01,2023-11-15 23:45:00,37204.0,,35306.0
long,2023-12-04 00:15:00,39557.87,2023-12-04 11:50:00,41603.12,,39575.78
long,2023-12-05 12:45:00,41553.1,2023-12-05 22:55:00,43734.78,,41650.14
